word,count
The,195
I,149
It,120
But,119
Thus,113
In,104
We,104
This,90
Project,85
Gutenberg,83
If,79
When,40
A,39
Hence,34
There,29
Cassio,28
Desdemona,25
What,24
And,23
All,22
For,21
Berkeley,21
B,21
Foundation,20
OF,20
To,20
Kant,19
Othello,18
Such,17
Self,15
States,15
CHAPTER,15
United,15
Bismarck,15
Now,14
Our,14
Socrates,14
THE,14
Literary,13
Archive,13
He,13
You,12
They,11
These,11
By,11
That,11
London,10
License,10
As,10
Edinburgh,9
Philosophy,9
Suppose,9
Plato,8
God,8
KNOWLEDGE,8
Let,8
Here,8
So,8
German,8
Similarly,8
One,7
Section,7
Before,7
Leibniz,7
On,7
Hegel,7
Jones,7
Desdemona's,7
Is,7
Some,7
U.S,7
Caesar,6
Brown,6
Robinson,6
Kant's,6
His,6
Yet,6
OR,6
Smith,6
Julius,6
Prime,6
YOU,6
Descartes,6
Hume,6
Among,5
Information,5
Take,5
Berkeley's,5
Charles,5
At,5
Many,5
AND,5
Most,5
Empire,5
Do,4
Apart,4
Unionist,4
GUTENBERG,4
Absolute,4
PHILOSOPHY,4
Moreover,4
PROJECT,4
Chancellor,4
Chapter,4
Whatever,4
ON,4
Knowledge,4
Mr,4
Of,4
PROBLEMS,3
Foundation’s,3
THIS,3
Nothing,3
Other,3
Again,3
Philonous,3
Nevertheless,3
Plato's,3
Problems,3
General,3
Since,3
Assuming,3
IV,3
Minister's,3
Minister,3
Having,3
LIMITED,3
Spinoza,3
How,3
King,3
Hylas,3
Russell,3
Every,3
Another,3
Any,3
FOR,3
According,3
ANY,3
Two,3
Bertrand,3
VI,3
C,3
An,2
Reality,2
Whenever,2
Common,2
LICENSE,2
AGREE,2
Royalty,2
D,2
START,2
Its,2
Everything,2
Science,2
China,2
See,2
WARRANTY,2
WARRANTIES,2
Idea,2
IX,2
Vanilla,2
VII,2
Solar,2
I's,2
Use,2
Although,2
Man,2
MATTER,2
Donations,2
Balfour,2
Othello's,2
BREACH,2
Yes,2
Bishop,2
OUR,2
Also,2
Philosophic,2
No,2
XI,2
Physical,2
Plain,2
With,2
NOT,2
NO,2
My,2
Why,2
Whole,2
Professor,2
Whether,2
BY,2
Dialogues,2
DAMAGES,2
Unless,2
FULL,2
Germany,2
God's,2
UNIVERSALS,2
Emperor,2
TO,2
Terms,2
Greek,2
ASCII,2
Further,2
Under,2
Then,2
From,2
French,2
Euclidean,2
THAT,2
EBOOK,2
Except,2
Three,2
Experience,2
Though,1
York,1
While,1
Produced,1
POSSIBLE,1
Truths,1
After,1
Prolegomena,1
Which,1
UNDER,1
Pronouns,1
READ,1
Prussia,1
PREFACE,1
REALITY,1
REFUND,1
Wherever,1
Taking,1
REMEDIES,1
REPLACEMENT,1
RIGHT,1
POSSIBILITY,1
PLEASE,1
Rationalists,1
Whitehead,1
Their,1
Years,1
Things,1
PROVIDED,1
XV,1
PUNITIVE,1
XIV,1
PURPOSE,1
Perhaps,1
Those,1
XIII,1
XII,1
APPEARANCE,1
Philosophical,1
Title,1
PRINCIPLES,1
X,1
Times,1
AS-IS,1
Truth,1
PROBABLE,1
Where,1
Thought,1
Please,1
PRIORI,1
Will,1
Principles,1
TRUTH,1
Redistribution,1
Redistributing,1
Similar,1
Seeing,1
Swift,1
Additional,1
Volunteers,1
Self-acquainted-with-sense-datum,1
Self-assertion,1
Understanding,1
Uneducated,1
Universals,1
Self-evidence,1
Selves,1
Sense-data,1
Service,1
Seven,1
VIII,1
System--similarly,1
Universe,1
Sir,1
University,1
VALUE,1
Acquaintance,1
Struldbugs,1
V,1
PHILOSOPHICAL,1
Starting,1
Updated,1
Something,1
Space,1
Speaking,1
Special,1
System,1
Sections,1
USE,1
Roman,1
Unsupported,1
Reflection,1
Refund,1
Release,1
Replacement,1
Republic,1
Returning,1
ACTUAL,1
TRADEMARK,1
Revenue,1
Revolution,1
Right,1
West,1
AGREEMENT,1
THOSE,1
WILL,1
Waterloo,1
War,1
WORLD,1
S,1
SEND,1
UT,1
WORK,1
STRICT,1
SUCH,1
ANYTHING,1
Salt,1
About,1
WITH,1
Sceptics,1
BUT,1
Michael,1
PGLAF,1
End,1
FALSEHOOD,1
Exactly,1
Even,1
Europe,1
Euclid's,1
Ethics,1
Enquiry,1
English,1
England,1
Email,1
E,1
Either,1
East,1
Earth,1
EXPRESS,1
EXISTENCE,1
EXCEPT,1
EVEN,1
ERROR,1
END,1
FITNESS,1
FOUNDATION,1
Few,1
First,1
HAVE,1
Gutenberg™’s,1
Gutenberg's,1
Greeks,1
Granted,1
Gordon,1
Going,1
Gilbert,1
George,1
Georg,1
GIVE,1
GENERAL,1
G,1
Future,1
Full,1
Foundation.,1
Formerly,1
Atheists,1
Food,1
EIN,1
Domestic,1
Hart,1
Broadly,1
Cf,1
Awareness,1
Cantor,1
Campbell,1
CONTRACT,1
CONSEQUENTIAL,1
BE,1
C's,1
BEFORE,1
British,1
Despite,1
Bradley,1
Both,1
Books,1
Bismarck's,1
BIBLIOGRAPHICAL,1
Beyond,1
Between,1
Because,1
Bannerman,1
City,1
Cogito,1
Compliance,1
Consider,1
Author,1
Derivative,1
Degrees,1
"Defects,",1
Defect,1
December,1
DONATIONS,1
DISTRIBUTOR,1
DISTRIBUTE,1
DISCLAIMER,1
DIRECT,1
DESCRIPTION,1
DAMAGE,1
Creating,1
Copyright,1
Contributions,1
Continental,1
Contact,1
Considered,1
HOW,1
Has,1
PG,1
March,1
Murray,1
Moore,1
Monadology,1
Mississippi,1
Mission,1
Metaphysic,1
Memories,1
Meditations,1
Mathematics,1
MERCHANTABILITY,1
Lake,1
M,1
Locke,1
Like,1
Light,1
Library,1
Leibniz--maintained,1
ACQUAINTANCE,1
Laws,1
Latin,1
N,1
NATURE,1
NEGLIGENCE,1
NOTE,1
PARAGRAPH,1
Against,1
Or,1
Opposition,1
Only,1
Often,1
Obviously,1
OWNER,1
OTHER,1
OPINION,1
Almost,1
Nowhere,1
Not,1
North,1
Nor,1
Newton's,1
Neglecting,1
Nearly,1
NOTICE,1
Language,1
LIMITS,1
Have,1
II,1
INTUITIVE,1
INDUCTION,1
INDIRECT,1
INDEMNITY,1
INCLUDING,1
INCIDENTAL,1
IN,1
IMPLIED,1
III,1
IF,1
LIABLE,1
IDEALISM,1
Hume--maintained,1
Hume's,1
Human,1
However,1
Home,1
Henry,1
Are,1
Hegel's,1
IRS,1
IS,1
Idealists,1
Ides,1
LIABILITY,1
Königsberg,1
King's,1
Keynes,1
Keener,1
Kantian,1
KIND,1
Just,1
June,1
Judging,1
Judgements,1
J,1
Introduction,1
International,1
Internal,1
Instead,1
Instances,1
Indeed,1
Immanuel,1
Leaving,1
